[
  {
    "title": "The Future of Digital Transformation in Business",
    "slug": "future-digital-transformation-business",
    "content": "Digital transformation has become a critical imperative for businesses across all industries. As technology continues to evolve at an unprecedented pace, organizations must adapt to stay competitive and meet the changing demands of their customers.\n\n## Key Trends Shaping Digital Transformation\n\n### 1. Artificial Intelligence and Machine Learning\nAI and ML technologies are revolutionizing how businesses operate, from automating routine tasks to providing predictive insights that drive decision-making. Companies that embrace these technologies early will have a significant competitive advantage.\n\n### 2. Cloud Computing\nCloud adoption has accelerated dramatically, enabling businesses to scale more efficiently and access advanced technologies without significant upfront investments. The shift to cloud-native architectures is becoming the new standard.\n\n### 3. Data Analytics and Business Intelligence\nData has become the new currency of business. Organizations that can effectively collect, analyze, and act on data insights will outperform their competitors and create more value for their customers.\n\n## Challenges and Opportunities\n\nWhile digital transformation offers immense opportunities, it also presents significant challenges:\n\n- **Change Management**: Successfully managing organizational change and ensuring employee buy-in\n- **Security Concerns**: Protecting sensitive data and maintaining cybersecurity\n- **Skill Gaps**: Finding and developing talent with the necessary digital skills\n- **Integration Complexity**: Connecting legacy systems with new technologies\n\n## Best Practices for Success\n\n1. **Start with Strategy**: Develop a clear digital transformation strategy aligned with business objectives\n2. **Focus on Culture**: Foster a culture of innovation and continuous learning\n3. **Invest in People**: Provide training and development opportunities for employees\n4. **Choose the Right Partners**: Work with experienced technology partners who understand your industry\n5. **Measure and Iterate**: Continuously monitor progress and adjust strategies as needed\n\n## Conclusion\n\nDigital transformation is not just about technology—it's about fundamentally changing how businesses operate and deliver value to customers. Organizations that approach this transformation strategically and with a focus on people and culture will be best positioned for long-term success.\n\nAs we look to the future, the pace of technological change will only accelerate. Businesses must remain agile, adaptable, and committed to continuous innovation to thrive in this digital-first world.",
    "excerpt": "Digital transformation has become a critical imperative for businesses across all industries. Learn about the key trends, challenges, and best practices for successful digital transformation.",
    "meta": {
      "_flexipro_featured_post": "1"
    }
  },
  {
    "title": "5 Essential Strategies for Business Growth in 2024",
    "slug": "5-essential-strategies-business-growth-2024",
    "content": "As we navigate through 2024, businesses face new challenges and opportunities in an ever-evolving marketplace. To achieve sustainable growth, companies must adopt strategic approaches that align with current market dynamics and consumer expectations.\n\n## 1. Embrace Digital-First Operations\n\nIn today's digital landscape, businesses must prioritize digital transformation across all operations. This includes:\n\n- Implementing cloud-based solutions for better scalability\n- Adopting automation tools to improve efficiency\n- Leveraging data analytics for informed decision-making\n- Creating seamless digital customer experiences\n\n## 2. Focus on Customer Experience Excellence\n\nCustomer experience has become the primary differentiator in competitive markets. Key strategies include:\n\n- Personalizing interactions across all touchpoints\n- Implementing omnichannel communication strategies\n- Gathering and acting on customer feedback\n- Investing in customer service training and technology\n\n## 3. Build a Strong Company Culture\n\nA positive company culture attracts top talent and drives employee engagement. Focus on:\n\n- Clear communication of company values and mission\n- Providing opportunities for professional development\n- Recognizing and rewarding employee contributions\n- Creating an inclusive and diverse workplace\n\n## 4. Leverage Data-Driven Decision Making\n\nData is the foundation of modern business strategy. Implement:\n\n- Comprehensive data collection systems\n- Advanced analytics and reporting tools\n- Regular performance monitoring and analysis\n- Data-driven marketing and sales strategies\n\n## 5. Invest in Innovation and R&D\n\nContinuous innovation is essential for long-term growth. Consider:\n\n- Allocating resources to research and development\n- Encouraging employee innovation and creativity\n- Partnering with technology companies and startups\n- Staying ahead of industry trends and disruptions\n\n## Implementation Tips\n\n- Start with a clear vision and measurable goals\n- Communicate changes effectively to all stakeholders\n- Provide necessary training and support\n- Monitor progress and adjust strategies as needed\n- Celebrate successes and learn from failures\n\n## Conclusion\n\nSuccessful business growth in 2024 requires a holistic approach that combines digital transformation, customer focus, culture building, data utilization, and innovation. Companies that implement these strategies effectively will be well-positioned for sustainable growth and long-term success.\n\nRemember, growth is not just about increasing revenue—it's about building a resilient, adaptable organization that can thrive in any market condition.",
    "excerpt": "Discover the five essential strategies that will drive business growth in 2024, from digital transformation to customer experience excellence.",
    "meta": {
      "_flexipro_featured_post": "1"
    }
  },
  {
    "title": "How to Build a High-Performing Remote Team",
    "slug": "build-high-performing-remote-team",
    "content": "The shift to remote work has fundamentally changed how teams operate and collaborate. Building a high-performing remote team requires intentional strategies and the right tools to ensure productivity, engagement, and success.\n\n## The Foundation of Remote Team Success\n\n### Clear Communication Protocols\n\nEffective communication is the cornerstone of remote team success. Establish:\n\n- Regular team meetings with clear agendas\n- Defined communication channels for different types of messages\n- Response time expectations and guidelines\n- Regular one-on-one check-ins with team members\n\n### Trust and Autonomy\n\nRemote work requires a high level of trust between managers and team members. Build trust by:\n\n- Focusing on results rather than hours worked\n- Providing clear expectations and deadlines\n- Offering support and resources when needed\n- Recognizing and celebrating achievements\n\n## Essential Tools and Technology\n\n### Collaboration Platforms\n\nInvest in robust collaboration tools that enable:\n\n- Video conferencing for face-to-face interactions\n- Instant messaging for quick communications\n- Project management for task tracking and organization\n- File sharing and document collaboration\n\n### Productivity Tools\n\nEquip your team with tools that enhance productivity:\n\n- Time tracking and management applications\n- Cloud-based storage and backup solutions\n- Security tools to protect sensitive information\n- Training platforms for skill development\n\n## Building Team Culture Remotely\n\n### Virtual Team Building\n\nCreate opportunities for team bonding:\n\n- Regular virtual coffee chats and informal meetings\n- Online team building activities and games\n- Virtual celebrations for milestones and achievements\n- Shared interest groups and channels\n\n### Recognition and Feedback\n\nMaintain a culture of recognition and continuous improvement:\n\n- Regular performance reviews and feedback sessions\n- Peer recognition programs\n- Public acknowledgment of achievements\n- Constructive feedback and development opportunities\n\n## Managing Remote Team Challenges\n\n### Time Zone Coordination\n\nWhen working across time zones:\n\n- Schedule meetings at times that work for everyone\n- Use asynchronous communication when possible\n- Document important decisions and discussions\n- Respect different working hours and schedules\n\n### Isolation and Mental Health\n\nAddress the unique challenges of remote work:\n\n- Encourage regular breaks and work-life balance\n- Provide mental health resources and support\n- Create opportunities for social interaction\n- Monitor team morale and engagement levels\n\n## Best Practices for Remote Team Leadership\n\n### Set Clear Expectations\n\n- Define roles, responsibilities, and deliverables\n- Establish measurable goals and KPIs\n- Communicate deadlines and priorities clearly\n- Provide regular updates on company direction\n\n### Foster Professional Development\n\n- Offer online training and development opportunities\n- Encourage participation in virtual conferences and workshops\n- Provide mentorship and coaching programs\n- Support career advancement and growth\n\n## Measuring Remote Team Performance\n\n### Key Metrics to Track\n\n- Project completion rates and quality\n- Team engagement and satisfaction scores\n- Communication frequency and effectiveness\n- Individual and team productivity metrics\n\n### Regular Assessment\n\n- Conduct quarterly team performance reviews\n- Gather feedback through surveys and interviews\n- Identify areas for improvement and development\n- Celebrate successes and learn from challenges\n\n## Conclusion\n\nBuilding a high-performing remote team is an ongoing process that requires commitment, flexibility, and continuous improvement. By focusing on communication, trust, culture, and the right tools, organizations can create remote teams that not only meet but exceed performance expectations.\n\nSuccess in remote work comes from treating team members as individuals with unique needs and preferences while maintaining a strong sense of team unity and purpose. With the right approach, remote teams can be just as effective, if not more so, than traditional in-person teams.",
    "excerpt": "Learn how to build and manage a high-performing remote team with proven strategies for communication, collaboration, and team culture.",
    "meta": {
      "_flexipro_featured_post": "0"
    }
  },
  {
    "title": "The Importance of Cybersecurity in Modern Business",
    "slug": "importance-cybersecurity-modern-business",
    "content": "In today's digital-first business environment, cybersecurity has become a critical concern for organizations of all sizes. With the increasing frequency and sophistication of cyber attacks, businesses must prioritize security measures to protect their data, systems, and reputation.\n\n## The Current Threat Landscape\n\n### Common Types of Cyber Attacks\n\n- **Phishing**: Deceptive emails designed to steal sensitive information\n- **Ransomware**: Malware that encrypts data and demands payment for decryption\n- **Data Breaches**: Unauthorized access to confidential information\n- **DDoS Attacks**: Overwhelming systems with traffic to cause disruption\n- **Insider Threats**: Security risks from within the organization\n\n### The Cost of Cyber Attacks\n\nCyber attacks can have devastating consequences:\n\n- Financial losses from data theft and system downtime\n- Damage to brand reputation and customer trust\n- Legal and regulatory compliance issues\n- Operational disruption and productivity loss\n- Long-term business impact and recovery costs\n\n## Essential Cybersecurity Measures\n\n### 1. Employee Training and Awareness\n\nHuman error is often the weakest link in cybersecurity. Implement:\n\n- Regular security awareness training programs\n- Phishing simulation exercises\n- Clear security policies and procedures\n- Incident reporting and response protocols\n\n### 2. Strong Authentication and Access Control\n\nProtect systems and data with:\n\n- Multi-factor authentication (MFA) for all accounts\n- Strong password policies and regular updates\n- Role-based access controls\n- Regular access reviews and audits\n\n### 3. Network Security\n\nSecure your network infrastructure:\n\n- Firewalls and intrusion detection systems\n- Regular security updates and patches\n- Network segmentation and monitoring\n- Secure Wi-Fi and VPN configurations\n\n### 4. Data Protection\n\nSafeguard sensitive information:\n\n- Data encryption at rest and in transit\n- Regular data backups and recovery testing\n- Data classification and handling procedures\n- Secure data disposal practices\n\n## Building a Cybersecurity Culture\n\n### Leadership Commitment\n\nCybersecurity must be a top priority for leadership:\n\n- Allocate sufficient resources and budget\n- Lead by example in following security practices\n- Communicate the importance of security to all employees\n- Invest in ongoing security improvements\n\n### Regular Assessment and Updates\n\nContinuously improve your security posture:\n\n- Regular security audits and assessments\n- Penetration testing and vulnerability scans\n- Security policy reviews and updates\n- Incident response plan testing and refinement\n\n## Compliance and Regulations\n\n### Industry Standards\n\nMany industries have specific security requirements:\n\n- **GDPR**: European data protection regulations\n- **HIPAA**: Healthcare data protection standards\n- **PCI DSS**: Payment card industry security standards\n- **SOX**: Financial reporting and security requirements\n\n### Best Practices\n\nImplement industry best practices:\n\n- Follow frameworks like NIST Cybersecurity Framework\n- Adopt ISO 27001 standards\n- Participate in industry security initiatives\n- Stay updated on regulatory changes\n\n## Incident Response Planning\n\n### Preparation\n\nBe ready to respond to security incidents:\n\n- Develop a comprehensive incident response plan\n- Train staff on response procedures\n- Establish communication protocols\n- Prepare recovery and business continuity plans\n\n### Response and Recovery\n\nWhen incidents occur:\n\n- Act quickly to contain and assess the threat\n- Communicate transparently with stakeholders\n- Work with law enforcement and security experts\n- Learn from incidents to improve future security\n\n## The Future of Cybersecurity\n\n### Emerging Technologies\n\nStay ahead of evolving threats:\n\n- Artificial intelligence for threat detection\n- Zero-trust security architectures\n- Quantum-resistant encryption\n- Advanced behavioral analytics\n\n### Continuous Evolution\n\nCybersecurity is an ongoing process:\n\n- Regular security training and updates\n- Investment in new security technologies\n- Collaboration with security communities\n- Adaptation to new threat vectors\n\n## Conclusion\n\nCybersecurity is not just an IT concern—it's a business imperative that affects every aspect of an organization. By implementing comprehensive security measures, fostering a security-conscious culture, and staying ahead of emerging threats, businesses can protect their assets and maintain the trust of their customers and partners.\n\nRemember, cybersecurity is an investment in your business's future. The cost of prevention is always less than the cost of recovery from a security breach. Start building your cybersecurity foundation today to ensure your business remains secure and resilient in an increasingly digital world.",
    "excerpt": "Learn why cybersecurity is crucial for modern businesses and discover essential measures to protect your organization from cyber threats.",
    "meta": {
      "_flexipro_featured_post": "0"
    }
  },
  {
    "title": "Sustainable Business Practices for Long-Term Success",
    "slug": "sustainable-business-practices-long-term-success",
    "content": "Sustainability has evolved from a nice-to-have initiative to a business imperative. Companies that embrace sustainable practices not only contribute to environmental and social well-being but also position themselves for long-term success and profitability.\n\n## The Business Case for Sustainability\n\n### Financial Benefits\n\nSustainable practices often lead to:\n\n- Reduced operational costs through energy efficiency\n- Improved brand reputation and customer loyalty\n- Access to green financing and investment opportunities\n- Reduced regulatory compliance costs\n- Enhanced employee engagement and retention\n\n### Market Opportunities\n\nSustainability opens new markets and opportunities:\n\n- Growing demand for sustainable products and services\n- Access to environmentally conscious consumer segments\n- Partnership opportunities with sustainable suppliers\n- Innovation in green technologies and processes\n- Competitive advantage in tender processes\n\n## Key Areas of Sustainable Business Practice\n\n### 1. Environmental Sustainability\n\nReduce your environmental impact:\n\n- **Energy Efficiency**: Implement renewable energy sources and energy-saving technologies\n- **Waste Reduction**: Minimize waste generation and maximize recycling\n- **Water Conservation**: Implement water-saving measures and recycling systems\n- **Carbon Footprint**: Measure and reduce greenhouse gas emissions\n- **Sustainable Sourcing**: Choose suppliers with strong environmental practices\n\n### 2. Social Responsibility\n\nContribute to social well-being:\n\n- **Employee Welfare**: Ensure fair wages, safe working conditions, and work-life balance\n- **Community Engagement**: Support local communities through volunteering and donations\n- **Diversity and Inclusion**: Promote equal opportunities and inclusive practices\n- **Ethical Supply Chain**: Ensure suppliers follow ethical labor practices\n- **Customer Well-being**: Prioritize product safety and customer health\n\n### 3. Economic Sustainability\n\nBuild long-term economic value:\n\n- **Transparent Governance**: Maintain ethical business practices and transparency\n- **Stakeholder Engagement**: Consider all stakeholders in business decisions\n- **Long-term Planning**: Focus on sustainable growth rather than short-term profits\n- **Innovation Investment**: Invest in sustainable technologies and processes\n- **Risk Management**: Address environmental and social risks proactively\n\n## Implementing Sustainable Practices\n\n### Assessment and Planning\n\nStart with a comprehensive assessment:\n\n- Conduct a sustainability audit of current practices\n- Identify key areas for improvement\n- Set measurable sustainability goals\n- Develop a clear implementation roadmap\n- Allocate necessary resources and budget\n\n### Employee Engagement\n\nInvolve your team in sustainability efforts:\n\n- Provide sustainability training and education\n- Encourage employee suggestions and participation\n- Recognize and reward sustainable behaviors\n- Create sustainability committees or teams\n- Communicate progress and achievements regularly\n\n### Measurement and Reporting\n\nTrack your sustainability progress:\n\n- Establish key performance indicators (KPIs)\n- Implement monitoring and reporting systems\n- Conduct regular sustainability assessments\n- Publish annual sustainability reports\n- Seek third-party verification and certification\n\n## Industry-Specific Considerations\n\n### Manufacturing\n\n- Implement lean manufacturing principles\n- Use sustainable materials and processes\n- Optimize supply chain logistics\n- Invest in clean production technologies\n- Develop circular economy practices\n\n### Technology\n\n- Design energy-efficient products\n- Implement green data centers\n- Promote digital sustainability\n- Support open-source and collaborative technologies\n- Address e-waste and electronic recycling\n\n### Services\n\n- Offer sustainable service options\n- Implement paperless processes\n- Promote remote work and virtual meetings\n- Support sustainable transportation\n- Partner with sustainable organizations\n\n## Overcoming Challenges\n\n### Common Obstacles\n\n- **Initial Investment Costs**: High upfront costs for sustainable technologies\n- **Resistance to Change**: Employee and stakeholder resistance to new practices\n- **Complexity**: Difficulty in measuring and managing sustainability impacts\n- **Market Pressure**: Competitive pressure to maintain low prices\n- **Regulatory Uncertainty**: Changing regulations and compliance requirements\n\n### Solutions\n\n- **Phased Implementation**: Start with low-cost, high-impact initiatives\n- **Change Management**: Invest in training and communication\n- **Technology Solutions**: Use software and tools to simplify management\n- **Value Communication**: Educate customers about sustainable value\n- **Stakeholder Engagement**: Involve all stakeholders in the process\n\n## The Future of Sustainable Business\n\n### Emerging Trends\n\n- **Circular Economy**: Moving from linear to circular business models\n- **Carbon Neutrality**: Achieving net-zero carbon emissions\n- **Social Impact**: Greater focus on social and community impact\n- **Transparency**: Increased demand for sustainability reporting\n- **Innovation**: New technologies enabling sustainable practices\n\n### Long-term Vision\n\nSustainable businesses will:\n\n- Integrate sustainability into core business strategy\n- Measure success beyond financial metrics\n- Collaborate with stakeholders for systemic change\n- Lead innovation in sustainable technologies\n- Contribute to solving global challenges\n\n## Conclusion\n\nSustainable business practices are no longer optional—they are essential for long-term success. Companies that embrace sustainability will not only contribute to a better world but also build stronger, more resilient, and more profitable businesses.\n\nStart your sustainability journey today by assessing your current practices, setting clear goals, and engaging your team in the process. Remember, sustainability is not a destination but a continuous journey of improvement and innovation.\n\nThe future belongs to businesses that can balance profit with purpose, creating value for all stakeholders while protecting the planet and society for future generations.",
    "excerpt": "Discover how sustainable business practices can drive long-term success while contributing to environmental and social well-being.",
    "meta": {
      "_flexipro_featured_post": "0"
    }
  },
  {
    "title": "The Role of Artificial Intelligence in Business Operations",
    "slug": "role-artificial-intelligence-business-operations",
    "content": "Artificial Intelligence (AI) is transforming how businesses operate, offering unprecedented opportunities to improve efficiency, enhance decision-making, and create new value for customers. Understanding and implementing AI technologies has become crucial for maintaining competitive advantage.\n\n## Understanding AI in Business Context\n\n### Types of AI Applications\n\n- **Machine Learning**: Algorithms that learn from data to make predictions\n- **Natural Language Processing**: Understanding and generating human language\n- **Computer Vision**: Interpreting and analyzing visual information\n- **Robotic Process Automation**: Automating repetitive tasks\n- **Predictive Analytics**: Forecasting future trends and behaviors\n\n### Business Benefits of AI\n\nAI offers numerous advantages:\n\n- **Increased Efficiency**: Automating routine tasks and processes\n- **Better Decision Making**: Data-driven insights and recommendations\n- **Enhanced Customer Experience**: Personalized interactions and services\n- **Cost Reduction**: Lower operational costs through automation\n- **Innovation**: New products and services enabled by AI\n\n## Key AI Applications in Business\n\n### 1. Customer Service and Support\n\nTransform customer interactions:\n\n- **Chatbots and Virtual Assistants**: 24/7 customer support\n- **Intelligent Routing**: Directing inquiries to the right departments\n- **Sentiment Analysis**: Understanding customer emotions and satisfaction\n- **Personalized Recommendations**: Tailored product and service suggestions\n- **Predictive Support**: Anticipating customer needs and issues\n\n### 2. Sales and Marketing\n\nEnhance sales and marketing effectiveness:\n\n- **Lead Scoring**: Identifying high-potential prospects\n- **Content Personalization**: Customizing marketing messages\n- **Price Optimization**: Dynamic pricing based on market conditions\n- **Customer Segmentation**: Targeting specific customer groups\n- **Campaign Optimization**: Improving marketing campaign performance\n\n### 3. Operations and Supply Chain\n\nOptimize business operations:\n\n- **Demand Forecasting**: Predicting future demand patterns\n- **Inventory Management**: Optimizing stock levels and ordering\n- **Quality Control**: Automated inspection and defect detection\n- **Route Optimization**: Improving logistics and delivery\n- **Predictive Maintenance**: Preventing equipment failures\n\n### 4. Human Resources\n\nStreamline HR processes:\n\n- **Resume Screening**: Automated candidate evaluation\n- **Employee Engagement**: Monitoring and improving satisfaction\n- **Performance Analysis**: Evaluating employee productivity\n- **Training Recommendations**: Personalized learning paths\n- **Retention Prediction**: Identifying flight risk employees\n\n## Implementation Strategies\n\n### 1. Start with Clear Objectives\n\nDefine what you want to achieve:\n\n- Identify specific business problems to solve\n- Set measurable goals and success metrics\n- Choose pilot projects with high impact potential\n- Ensure alignment with business strategy\n- Secure leadership support and commitment\n\n### 2. Data Preparation and Quality\n\nAI success depends on data quality:\n\n- Assess current data availability and quality\n- Implement data collection and storage systems\n- Ensure data privacy and security compliance\n- Clean and standardize existing data\n- Establish data governance processes\n\n### 3. Technology Infrastructure\n\nBuild the right foundation:\n\n- Choose appropriate AI platforms and tools\n- Ensure scalable and secure infrastructure\n- Integrate with existing systems\n- Plan for data processing and storage needs\n- Consider cloud vs. on-premises solutions\n\n### 4. Talent and Skills Development\n\nInvest in human capital:\n\n- Hire AI specialists and data scientists\n- Train existing employees on AI tools\n- Partner with AI consultants and vendors\n- Encourage continuous learning and development\n- Create cross-functional AI teams\n\n## Challenges and Solutions\n\n### Common Challenges\n\n- **Data Quality Issues**: Poor or insufficient data for AI training\n- **Skill Gaps**: Lack of AI expertise within the organization\n- **Integration Complexity**: Difficulty integrating AI with existing systems\n- **Cost Concerns**: High initial investment in AI technologies\n- **Change Resistance**: Employee resistance to AI adoption\n\n### Effective Solutions\n\n- **Data Strategy**: Develop comprehensive data management strategy\n- **Training Programs**: Invest in employee education and development\n- **Phased Approach**: Start with simple AI applications\n- **ROI Focus**: Demonstrate clear return on investment\n- **Change Management**: Communicate benefits and provide support\n\n## Measuring AI Success\n\n### Key Performance Indicators\n\nTrack these metrics:\n\n- **Efficiency Gains**: Time and cost savings from automation\n- **Accuracy Improvements**: Better decision-making and predictions\n- **Customer Satisfaction**: Enhanced customer experience metrics\n- **Revenue Impact**: New revenue streams and increased sales\n- **Employee Productivity**: Improved workforce efficiency\n\n### Continuous Improvement\n\n- Regular performance monitoring and evaluation\n- Feedback collection from users and stakeholders\n- Model retraining and optimization\n- Technology updates and upgrades\n- Process refinement and enhancement\n\n## Future Trends and Opportunities\n\n### Emerging AI Technologies\n\n- **Generative AI**: Creating content, code, and creative works\n- **Edge AI**: Processing data closer to the source\n- **Explainable AI**: Making AI decisions more transparent\n- **Federated Learning**: Training models across distributed data\n- **Quantum AI**: Leveraging quantum computing for AI\n\n### Industry-Specific Applications\n\n- **Healthcare**: Medical diagnosis and treatment recommendations\n- **Finance**: Fraud detection and risk assessment\n- **Manufacturing**: Quality control and predictive maintenance\n- **Retail**: Personalized shopping experiences\n- **Transportation**: Autonomous vehicles and route optimization\n\n## Best Practices for AI Implementation\n\n### 1. Ethical Considerations\n\n- Ensure AI systems are fair and unbiased\n- Protect user privacy and data security\n- Maintain transparency in AI decision-making\n- Consider social and environmental impact\n- Comply with relevant regulations and standards\n\n### 2. Governance and Oversight\n\n- Establish AI governance frameworks\n- Create oversight committees and processes\n- Implement regular audits and reviews\n- Ensure compliance with policies and regulations\n- Monitor AI system performance and impact\n\n### 3. Collaboration and Partnerships\n\n- Work with AI vendors and consultants\n- Participate in industry AI initiatives\n- Share knowledge and best practices\n- Collaborate with academic institutions\n- Join AI communities and networks\n\n## Conclusion\n\nArtificial Intelligence is not just a technology trend—it's a fundamental shift in how businesses operate and compete. Organizations that successfully implement AI will gain significant advantages in efficiency, innovation, and customer satisfaction.\n\nSuccess in AI implementation requires careful planning, investment in talent and technology, and a commitment to continuous learning and improvement. Start with clear objectives, focus on data quality, and build a culture that embraces AI-driven innovation.\n\nThe future belongs to businesses that can effectively harness the power of AI to create value for customers, employees, and stakeholders. Begin your AI journey today to secure your competitive advantage in the digital economy.",
    "excerpt": "Explore how Artificial Intelligence is revolutionizing business operations and learn strategies for successful AI implementation.",
    "meta": {
      "_flexipro_featured_post": "0"
    }
  }
]
