[
  {
    "title": "Home",
    "slug": "home",
    "content": "[flexipro_row background_color=\"#f8f9fa\" padding_top=\"100\" padding_bottom=\"100\"]\n[flexipro_column size=\"12\"]\n[flexipro_heading tag=\"h1\" text_align=\"center\" size=\"48\" color=\"#333\"]Welcome to Our Corporate Excellence[/flexipro_heading]\n[flexipro_text text_align=\"center\" size=\"18\" color=\"#666\"]We deliver innovative solutions and exceptional service to help your business thrive in today's competitive market.[/flexipro_text]\n[flexipro_button url=\"#services\" text=\"Our Services\" style=\"primary\" size=\"large\" align=\"center\" icon=\"arrow-right\" icon_position=\"right\"][/flexipro_button]\n[/flexipro_column]\n[/flexipro_row]\n\n[flexipro_row padding_top=\"80\" padding_bottom=\"80\"]\n[flexipro_column size=\"12\"]\n[flexipro_heading tag=\"h2\" text_align=\"center\" size=\"36\" color=\"#333\"]Our Services[/flexipro_heading]\n[flexipro_text text_align=\"center\" size=\"16\" color=\"#666\"]We offer comprehensive solutions tailored to meet your business needs[/flexipro_text]\n[/flexipro_column]\n[/flexipro_row]\n\n[flexipro_row]\n[flexipro_column size=\"4\"]\n[flexipro_heading tag=\"h3\" text_align=\"center\" size=\"24\" color=\"#333\"]Strategic Consulting[/flexipro_heading]\n[flexipro_text text_align=\"center\" size=\"14\" color=\"#666\"]Expert guidance to help you make informed decisions and achieve your business objectives.[/flexipro_text]\n[flexipro_button url=\"#\" text=\"Learn More\" style=\"outline\" align=\"center\"][/flexipro_button]\n[/flexipro_column]\n[flexipro_column size=\"4\"]\n[flexipro_heading tag=\"h3\" text_align=\"center\" size=\"24\" color=\"#333\"]Digital Solutions[/flexipro_heading]\n[flexipro_text text_align=\"center\" size=\"14\" color=\"#666\"]Cutting-edge technology solutions to streamline your operations and boost productivity.[/flexipro_text]\n[flexipro_button url=\"#\" text=\"Learn More\" style=\"outline\" align=\"center\"][/flexipro_button]\n[/flexipro_column]\n[flexipro_column size=\"4\"]\n[flexipro_heading tag=\"h3\" text_align=\"center\" size=\"24\" color=\"#333\"]Growth Strategy[/flexipro_heading]\n[flexipro_text text_align=\"center\" size=\"14\" color=\"#666\"]Proven strategies to accelerate your business growth and expand your market reach.[/flexipro_text]\n[flexipro_button url=\"#\" text=\"Learn More\" style=\"outline\" align=\"center\"][/flexipro_button]\n[/flexipro_column]\n[/flexipro_row]\n\n[flexipro_row background_color=\"#0073aa\" padding_top=\"80\" padding_bottom=\"80\"]\n[flexipro_column size=\"12\"]\n[flexipro_heading tag=\"h2\" text_align=\"center\" size=\"36\" color=\"#fff\"]Why Choose Us?[/flexipro_heading]\n[flexipro_text text_align=\"center\" size=\"18\" color=\"#fff\"]With over 15 years of experience, we have helped hundreds of companies achieve their goals[/flexipro_text]\n[/flexipro_column]\n[/flexipro_row]\n\n[flexipro_row]\n[flexipro_column size=\"3\"]\n[flexipro_heading tag=\"h3\" text_align=\"center\" size=\"48\" color=\"#0073aa\"]500+[/flexipro_heading]\n[flexipro_text text_align=\"center\" size=\"16\" color=\"#333\"]Projects Completed[/flexipro_text]\n[/flexipro_column]\n[flexipro_column size=\"3\"]\n[flexipro_heading tag=\"h3\" text_align=\"center\" size=\"48\" color=\"#0073aa\"]98%[/flexipro_heading]\n[flexipro_text text_align=\"center\" size=\"16\" color=\"#333\"]Client Satisfaction[/flexipro_text]\n[/flexipro_column]\n[flexipro_column size=\"3\"]\n[flexipro_heading tag=\"h3\" text_align=\"center\" size=\"48\" color=\"#0073aa\"]24/7[/flexipro_heading]\n[flexipro_text text_align=\"center\" size=\"16\" color=\"#333\"]Support Available[/flexipro_text]\n[/flexipro_column]\n[flexipro_column size=\"3\"]\n[flexipro_heading tag=\"h3\" text_align=\"center\" size=\"48\" color=\"#0073aa\">15[/flexipro_heading]\n[flexipro_text text_align=\"center\" size=\"16\" color=\"#333\"]Years Experience[/flexipro_text]\n[/flexipro_column]\n[/flexipro_row]",
    "meta": {
      "_flexipro_page_builder": "1",
      "_flexipro_hero_section": "1"
    }
  },
  {
    "title": "About Us",
    "slug": "about",
    "content": "[flexipro_row background_color=\"#f8f9fa\" padding_top=\"100\" padding_bottom=\"100\"]\n[flexipro_column size=\"12\"]\n[flexipro_heading tag=\"h1\" text_align=\"center\" size=\"48\" color=\"#333\"]About Our Company[/flexipro_heading]\n[flexipro_text text_align=\"center\" size=\"18\" color=\"#666\"]Learn more about our mission, values, and the team behind our success[/flexipro_text]\n[/flexipro_column]\n[/flexipro_row]\n\n[flexipro_row padding_top=\"80\" padding_bottom=\"80\"]\n[flexipro_column size=\"6\"]\n[flexipro_heading tag=\"h2\" size=\"36\" color=\"#333\"]Our Story[/flexipro_heading]\n[flexipro_text size=\"16\" color=\"#666\"]Founded in 2008, we started as a small team with a big vision: to revolutionize the way businesses operate through innovative technology and strategic consulting. Over the years, we have grown into a leading company that serves clients across various industries.\n\nOur journey has been marked by continuous learning, adaptation, and a commitment to excellence. We believe in building long-term relationships with our clients and helping them achieve sustainable growth.\n\nToday, we are proud to be recognized as one of the most trusted partners in the industry, with a track record of delivering exceptional results and exceeding client expectations.[/flexipro_text]\n[flexipro_button url=\"#contact\" text=\"Get In Touch\" style=\"primary\" size=\"large\"][/flexipro_button]\n[/flexipro_column]\n[flexipro_column size=\"6\"]\n[flexipro_image src=\"https://images.unsplash.com/photo-1560472354-b33ff0c44a43?w=600&h=400&fit=crop\" alt=\"Our Office\" width=\"600\" height=\"400\"][/flexipro_image]\n[/flexipro_column]\n[/flexipro_row]\n\n[flexipro_row background_color=\"#0073aa\" padding_top=\"80\" padding_bottom=\"80\"]\n[flexipro_column size=\"12\"]\n[flexipro_heading tag=\"h2\" text_align=\"center\" size=\"36\" color=\"#fff\"]Our Values[/flexipro_heading]\n[flexipro_text text_align=\"center\" size=\"18\" color=\"#fff\"]The principles that guide everything we do[/flexipro_text]\n[/flexipro_column]\n[/flexipro_row]\n\n[flexipro_row]\n[flexipro_column size=\"4\"]\n[flexipro_heading tag=\"h3\" text_align=\"center\" size=\"24\" color=\"#333\"]Integrity[/flexipro_heading]\n[flexipro_text text_align=\"center\" size=\"14\" color=\"#666\"]We conduct business with the highest ethical standards and transparency in all our interactions.[/flexipro_text]\n[/flexipro_column]\n[flexipro_column size=\"4\"]\n[flexipro_heading tag=\"h3\" text_align=\"center\" size=\"24\" color=\"#333\"]Innovation[/flexipro_heading]\n[flexipro_text text_align=\"center\" size=\"14\" color=\"#666\"]We embrace new ideas and technologies to deliver cutting-edge solutions for our clients.[/flexipro_text]\n[/flexipro_column]\n[flexipro_column size=\"4\"]\n[flexipro_heading tag=\"h3\" text_align=\"center\" size=\"24\" color=\"#333\"]Excellence[/flexipro_heading]\n[flexipro_text text_align=\"center\" size=\"14\" color=\"#666\"]We strive for the highest quality in everything we do, from our services to our client relationships.[/flexipro_text]\n[/flexipro_column]\n[/flexipro_row]",
    "meta": {
      "_flexipro_page_builder": "1"
    }
  },
  {
    "title": "Services",
    "slug": "services",
    "content": "[flexipro_row background_color=\"#f8f9fa\" padding_top=\"100\" padding_bottom=\"100\"]\n[flexipro_column size=\"12\"]\n[flexipro_heading tag=\"h1\" text_align=\"center\" size=\"48\" color=\"#333\"]Our Services[/flexipro_heading]\n[flexipro_text text_align=\"center\" size=\"18\" color=\"#666\"]Comprehensive solutions designed to drive your business forward[/flexipro_text]\n[/flexipro_column]\n[/flexipro_row]\n\n[flexipro_row padding_top=\"80\" padding_bottom=\"80\"]\n[flexipro_column size=\"6\"]\n[flexipro_image src=\"https://images.unsplash.com/photo-1551434678-e076c223a692?w=600&h=400&fit=crop\" alt=\"Strategic Consulting\" width=\"600\" height=\"400\"][/flexipro_image]\n[/flexipro_column]\n[flexipro_column size=\"6\"]\n[flexipro_heading tag=\"h2\" size=\"36\" color=\"#333\"]Strategic Consulting[/flexipro_heading]\n[flexipro_text size=\"16\" color=\"#666\"]Our strategic consulting services help you make informed decisions and develop effective business strategies. We work closely with your team to understand your unique challenges and opportunities.\n\nOur consultants bring years of industry experience and deep expertise in various sectors. We provide actionable insights and recommendations that drive real results for your business.\n\nKey areas of focus:\n• Business Strategy Development\n• Market Analysis & Research\n• Process Optimization\n• Change Management\n• Performance Improvement[/flexipro_text]\n[flexipro_button url=\"#contact\" text=\"Get Started\" style=\"primary\" size=\"large\"][/flexipro_button]\n[/flexipro_column]\n[/flexipro_row]\n\n[flexipro_row]\n[flexipro_column size=\"6\"]\n[flexipro_heading tag=\"h2\" size=\"36\" color=\"#333\"]Digital Solutions[/flexipro_heading]\n[flexipro_text size=\"16\" color=\"#666\"]Transform your business with our comprehensive digital solutions. We help you leverage technology to improve efficiency, reduce costs, and enhance customer experience.\n\nOur team of experts specializes in the latest technologies and platforms, ensuring your digital transformation is successful and future-proof.\n\nOur digital services include:\n• Web & Mobile Development\n• Cloud Migration & Management\n• Data Analytics & Business Intelligence\n• Cybersecurity Solutions\n• Digital Marketing & SEO[/flexipro_text]\n[flexipro_button url=\"#contact\" text=\"Learn More\" style=\"primary\" size=\"large\"][/flexipro_button]\n[/flexipro_column]\n[flexipro_column size=\"6\"]\n[flexipro_image src=\"https://images.unsplash.com/photo-1460925895917-afdab827c52f?w=600&h=400&fit=crop\" alt=\"Digital Solutions\" width=\"600\" height=\"400\"][/flexipro_image]\n[/flexipro_column]\n[/flexipro_row]\n\n[flexipro_row background_color=\"#0073aa\" padding_top=\"80\" padding_bottom=\"80\"]\n[flexipro_column size=\"12\"]\n[flexipro_heading tag=\"h2\" text_align=\"center\" size=\"36\" color=\"#fff\"]Why Choose Our Services?[/flexipro_heading]\n[flexipro_text text_align=\"center\" size=\"18\" color=\"#fff\"]We deliver exceptional value through our proven approach and commitment to excellence[/flexipro_text]\n[/flexipro_column]\n[/flexipro_row]\n\n[flexipro_row]\n[flexipro_column size=\"4\"]\n[flexipro_heading tag=\"h3\" text_align=\"center\" size=\"24\" color=\"#333\"]Expert Team[/flexipro_heading]\n[flexipro_text text_align=\"center\" size=\"14\" color=\"#666\"]Our team consists of highly skilled professionals with extensive experience in their respective fields.[/flexipro_text]\n[/flexipro_column]\n[flexipro_column size=\"4\"]\n[flexipro_heading tag=\"h3\" text_align=\"center\" size=\"24\" color=\"#333\"]Proven Results[/flexipro_heading]\n[flexipro_text text_align=\"center\" size=\"14\" color=\"#666\"]We have a track record of delivering successful projects and exceeding client expectations.[/flexipro_text]\n[/flexipro_column]\n[flexipro_column size=\"4\"]\n[flexipro_heading tag=\"h3\" text_align=\"center\" size=\"24\" color=\"#333\"]24/7 Support[/flexipro_heading]\n[flexipro_text text_align=\"center\" size=\"14\" color=\"#666\"]We provide round-the-clock support to ensure your systems run smoothly at all times.[/flexipro_text]\n[/flexipro_column]\n[/flexipro_row]",
    "meta": {
      "_flexipro_page_builder": "1"
    }
  },
  {
    "title": "Portfolio",
    "slug": "portfolio",
    "content": "[flexipro_row background_color=\"#f8f9fa\" padding_top=\"100\" padding_bottom=\"100\"]\n[flexipro_column size=\"12\"]\n[flexipro_heading tag=\"h1\" text_align=\"center\" size=\"48\" color=\"#333\"]Our Portfolio[/flexipro_heading]\n[flexipro_text text_align=\"center\" size=\"18\" color=\"#666\"]Explore our successful projects and see how we've helped businesses achieve their goals[/flexipro_text]\n[/flexipro_column]\n[/flexipro_row]\n\n[flexipro_row padding_top=\"80\" padding_bottom=\"80\"]\n[flexipro_column size=\"12\"]\n[flexipro_portfolio posts_per_page=\"9\" columns=\"3\" filter=\"true\" lightbox=\"true\" hover_effect=\"zoom\" show_title=\"true\" show_excerpt=\"true\" show_categories=\"true\"][/flexipro_portfolio]\n[/flexipro_column]\n[/flexipro_row]\n\n[flexipro_row background_color=\"#0073aa\" padding_top=\"80\" padding_bottom=\"80\"]\n[flexipro_column size=\"12\"]\n[flexipro_heading tag=\"h2\" text_align=\"center\" size=\"36\" color=\"#fff\"]Ready to Start Your Project?[/flexipro_heading]\n[flexipro_text text_align=\"center\" size=\"18\" color=\"#fff\"]Let's discuss how we can help you achieve your business objectives[/flexipro_text]\n[flexipro_button url=\"#contact\" text=\"Get In Touch\" style=\"outline\" size=\"large\" align=\"center\"][/flexipro_button]\n[/flexipro_column]\n[/flexipro_row]",
    "meta": {
      "_flexipro_page_builder": "1"
    }
  },
  {
    "title": "Blog",
    "slug": "blog",
    "content": "[flexipro_row background_color=\"#f8f9fa\" padding_top=\"100\" padding_bottom=\"100\"]\n[flexipro_column size=\"12\"]\n[flexipro_heading tag=\"h1\" text_align=\"center\" size=\"48\" color=\"#333\"]Our Blog[/flexipro_heading]\n[flexipro_text text_align=\"center\" size=\"18\" color=\"#666\"]Stay updated with the latest insights, trends, and industry news[/flexipro_text]\n[/flexipro_column]\n[/flexipro_row]\n\n[flexipro_row padding_top=\"80\" padding_bottom=\"80\"]\n[flexipro_column size=\"12\"]\n[flexipro_blog posts_per_page=\"6\" columns=\"3\" layout=\"grid\" show_meta=\"true\" show_excerpt=\"true\" excerpt_length=\"55\" show_read_more=\"true\" read_more_text=\"Read More\"][/flexipro_blog]\n[/flexipro_column]\n[/flexipro_row]",
    "meta": {
      "_flexipro_page_builder": "1"
    }
  },
  {
    "title": "Contact",
    "slug": "contact",
    "content": "[flexipro_row background_color=\"#f8f9fa\" padding_top=\"100\" padding_bottom=\"100\"]\n[flexipro_column size=\"12\"]\n[flexipro_heading tag=\"h1\" text_align=\"center\" size=\"48\" color=\"#333\"]Contact Us[/flexipro_heading]\n[flexipro_text text_align=\"center\" size=\"18\" color=\"#666\"]Get in touch with our team to discuss your project requirements[/flexipro_text]\n[/flexipro_column]\n[/flexipro_row]\n\n[flexipro_row padding_top=\"80\" padding_bottom=\"80\"]\n[flexipro_column size=\"6\"]\n[flexipro_heading tag=\"h2\" size=\"36\" color=\"#333\"]Get In Touch[/flexipro_heading]\n[flexipro_text size=\"16\" color=\"#666\"]We'd love to hear from you. Send us a message and we'll respond as soon as possible.\n\nOur team is here to help you with any questions or concerns you may have. We're committed to providing excellent customer service and support.[/flexipro_text]\n\n[flexipro_contact_form title=\"Send us a Message\" description=\"Fill out the form below and we'll get back to you within 24 hours.\" email_to=\"info@company.com\" email_subject=\"New Contact Form Submission\" success_message=\"Thank you! Your message has been sent successfully.\"][/flexipro_contact_form]\n[/flexipro_column]\n[flexipro_column size=\"6\"]\n[flexipro_heading tag=\"h3\" size=\"24\" color=\"#333\"]Contact Information[/flexipro_heading]\n[flexipro_text size=\"16\" color=\"#666\"]\n<strong>Address:</strong><br>\n123 Business Street<br>\nSuite 100<br>\nNew York, NY 10001\n\n<strong>Phone:</strong><br>\n+1 (555) 123-4567\n\n<strong>Email:</strong><br>\ninfo@company.com\n\n<strong>Hours:</strong><br>\nMonday - Friday: 9:00 AM - 6:00 PM<br>\nSaturday: 10:00 AM - 4:00 PM<br>\nSunday: Closed\n[/flexipro_text]\n\n[flexipro_map address=\"123 Business Street, New York, NY 10001\" latitude=\"40.7128\" longitude=\"-74.0060\" zoom=\"15\" height=\"300\" marker_text=\"Our Office\"][/flexipro_map]\n[/flexipro_column]\n[/flexipro_row]",
    "meta": {
      "_flexipro_page_builder": "1"
    }
  }
]
